fecha_inicio,fecha_fin,diferencia
2026-01-27T10:40:11.341Z,2026-01-27T10:51:23.772Z,0 days 00:11:12.431000
2025-04-28T10:32:01.045Z,2025-07-02T14:39:21.086Z,65 days 04:07:20.041000
2025-04-28T10:32:02.021Z,2025-06-30T09:41:53.100Z,62 days 23:09:51.079000
2025-04-28T10:32:02.615Z,2025-07-02T14:39:21.043Z,65 days 04:07:18.428000
2025-04-28T10:32:06.904Z,2025-06-30T09:40:58.589Z,62 days 23:08:51.685000
2025-04-28T10:32:11.002Z,2025-06-30T09:41:23.272Z,62 days 23:09:12.270000
2025-05-06T08:40:09.696Z,2025-06-30T09:42:03.529Z,55 days 01:01:53.833000
2025-05-06T08:40:10.641Z,2025-06-30T09:42:12.849Z,55 days 01:02:02.208000
2025-05-07T09:40:10.844Z,2025-06-30T09:42:23.337Z,54 days 00:02:12.493000
2025-05-08T15:00:28.608Z,2025-06-30T09:42:54.167Z,52 days 18:42:25.559000
2025-05-12T09:40:07.544Z,2025-07-16T14:38:47.937Z,65 days 04:58:40.393000
2025-05-12T09:40:11.013Z,2025-06-30T09:43:13.866Z,49 days 00:03:02.853000
2025-05-16T09:00:26.845Z,2025-06-30T09:44:34.067Z,45 days 00:44:07.222000
2025-05-22T14:20:08.382Z,2025-06-30T09:44:45.661Z,38 days 19:24:37.279000
2025-05-23T08:00:11.049Z,2025-06-30T09:44:54.398Z,38 days 01:44:43.349000
2025-05-27T15:20:08.165Z,2025-06-30T09:45:05.813Z,33 days 18:24:57.648000
2025-05-28T09:20:07.358Z,2025-06-30T09:45:17.162Z,33 days 00:25:09.804000
2025-05-28T09:20:08.781Z,2025-06-30T09:45:27.846Z,33 days 00:25:19.065000
2025-06-10T07:01:27.565Z,2025-06-30T09:45:38.509Z,20 days 02:44:10.944000
2025-06-12T07:01:00.476Z,2025-06-30T09:46:01.094Z,18 days 02:45:00.618000
2025-06-18T11:20:16.834Z,2025-09-04T10:36:05.508Z,77 days 23:15:48.674000
2025-06-18T11:20:17.387Z,2025-06-30T09:46:29.721Z,11 days 22:26:12.334000
2025-06-25T07:40:10.013Z,2025-06-30T09:46:45.096Z,5 days 02:06:35.083000
2025-06-25T12:20:07.063Z,2025-07-02T14:39:24.030Z,7 days 02:19:16.967000
2025-06-25T12:20:08.446Z,2025-06-30T14:40:40.853Z,5 days 02:20:32.407000
2025-06-26T13:40:06.643Z,2025-06-30T14:41:56.177Z,4 days 01:01:49.534000
2025-06-30T07:01:52.445Z,2025-06-30T09:47:37.844Z,0 days 02:45:45.399000
2025-06-30T07:40:11.893Z,2025-08-06T09:09:55.137Z,37 days 01:29:43.244000
2025-06-30T07:40:12.786Z,2025-08-25T08:29:19.873Z,56 days 00:49:07.087000
2025-06-30T07:40:14.439Z,2025-08-26T07:57:15.240Z,57 days 00:17:00.801000
2025-06-30T10:01:12.193Z,2025-07-01T09:27:34.406Z,0 days 23:26:22.213000
2025-07-01T12:00:57.780Z,2025-07-08T13:17:47.979Z,7 days 01:16:50.199000
2025-07-02T11:40:07.744Z,2025-07-02T14:01:35.985Z,0 days 02:21:28.241000
2025-07-03T12:40:08.204Z,2025-09-17T15:02:10.772Z,76 days 02:22:02.568000
2025-07-03T13:00:51.299Z,2025-07-03T14:12:59.565Z,0 days 01:12:08.266000
2025-07-04T07:01:23.215Z,2025-07-04T09:05:51.300Z,0 days 02:04:28.085000
2025-07-04T07:20:10.526Z,2025-07-10T08:28:17.441Z,6 days 01:08:06.915000
2025-07-04T07:20:12.888Z,2025-07-11T06:52:38.120Z,6 days 23:32:25.232000
2025-07-04T07:40:10.887Z,2025-07-04T10:19:32.344Z,0 days 02:39:21.457000
2025-07-07T09:40:09.287Z,2025-08-05T13:47:52.306Z,29 days 04:07:43.019000
2025-07-07T16:00:56.313Z,2025-08-11T10:54:13.383Z,34 days 18:53:17.070000
2025-07-08T07:01:49.019Z,2025-07-08T07:01:49.019Z,0 days 00:00:00
2025-07-08T12:01:01.952Z,2025-07-09T09:48:52.928Z,0 days 21:47:50.976000
2025-07-09T07:01:46.545Z,2025-07-09T07:39:03.802Z,0 days 00:37:17.257000
2025-07-24T09:20:10.304Z,2025-08-05T10:24:43.725Z,12 days 01:04:33.421000
2025-07-29T08:40:07.964Z,2025-09-04T08:52:31.683Z,37 days 00:12:23.719000
2025-07-29T08:40:08.545Z,2025-08-01T08:01:35.656Z,2 days 23:21:27.111000
2025-07-29T09:01:09.797Z,2025-08-01T09:45:02.523Z,3 days 00:43:52.726000
2025-07-31T08:40:09.695Z,2025-08-01T08:41:46.912Z,1 days 00:01:37.217000
2025-08-04T14:20:12.071Z,2025-09-17T09:40:32.582Z,43 days 19:20:20.511000
2025-08-05T08:01:24.372Z,2025-08-12T10:50:47.679Z,7 days 02:49:23.307000
2025-08-05T08:01:26.390Z,2025-08-05T08:21:14.219Z,0 days 00:19:47.829000
2025-08-05T09:01:15.354Z,2025-08-05T09:18:28.858Z,0 days 00:17:13.504000
2025-08-05T11:00:57.406Z,2025-08-05T12:37:22.468Z,0 days 01:36:25.062000
2025-08-05T11:20:09.926Z,2025-08-05T13:13:03.664Z,0 days 01:52:53.738000
2025-08-06T07:40:07.114Z,2025-08-08T08:55:50.443Z,2 days 01:15:43.329000
2025-08-13T12:20:08.129Z,2025-08-25T08:13:03.913Z,11 days 19:52:55.784000
2025-08-14T08:40:08.548Z,2025-08-18T08:31:52.966Z,3 days 23:51:44.418000
2025-08-25T11:20:10.050Z,2025-08-26T07:44:52.348Z,0 days 20:24:42.298000
2025-08-27T07:01:01.710Z,2025-09-02T15:06:03.358Z,6 days 08:05:01.648000
2025-08-27T07:01:04.870Z,2025-08-27T14:28:59.459Z,0 days 07:27:54.589000
2025-08-27T08:00:43.487Z,2025-08-27T09:26:13.861Z,0 days 01:25:30.374000
2025-08-27T08:20:06.120Z,2025-08-27T13:08:04.965Z,0 days 04:47:58.845000
2025-08-27T08:40:12.997Z,2025-09-01T13:50:51.267Z,5 days 05:10:38.270000
2025-08-27T12:20:08.317Z,2025-08-27T12:54:19.893Z,0 days 00:34:11.576000
2025-08-27T12:20:09.515Z,2025-08-27T12:53:56.578Z,0 days 00:33:47.063000
2025-08-27T13:00:21.026Z,2025-08-29T14:01:06.984Z,2 days 01:00:45.958000
2025-08-27T13:20:14.267Z,2025-08-27T14:20:48.425Z,0 days 01:00:34.158000
2025-08-27T14:00:41.975Z,2025-08-27T14:14:25.886Z,0 days 00:13:43.911000
2025-08-27T14:00:45.395Z,2025-09-01T13:47:07.294Z,4 days 23:46:21.899000
2025-08-28T07:01:02.663Z,2025-08-28T07:39:32.849Z,0 days 00:38:30.186000
2025-09-01T15:03:10.834Z,2025-09-04T10:18:22.721Z,2 days 19:15:11.887000
2025-09-01T15:03:12.734Z,2025-09-02T15:01:36.533Z,0 days 23:58:23.799000
2025-09-01T15:03:13.283Z,2025-09-02T14:54:35.582Z,0 days 23:51:22.299000
2025-09-01T15:03:13.810Z,2025-09-03T10:04:23.744Z,1 days 19:01:09.934000
2025-09-01T15:03:14.948Z,2025-09-02T15:10:50.590Z,1 days 00:07:35.642000
2025-09-01T15:03:15.470Z,2025-09-08T09:28:42.859Z,6 days 18:25:27.389000
2025-09-01T15:03:16.031Z,2025-09-01T15:54:03.827Z,0 days 00:50:47.796000
2025-09-01T15:03:16.695Z,2025-09-04T10:17:27.237Z,2 days 19:14:10.542000
2025-09-01T15:12:54.539Z,2025-09-02T11:05:03.211Z,0 days 19:52:08.672000
2025-09-02T10:40:07.434Z,2025-09-02T11:04:21.528Z,0 days 00:24:14.094000
2025-09-02T11:00:11.996Z,2025-09-05T13:23:21.058Z,3 days 02:23:09.062000
2025-09-02T11:20:06.713Z,2025-09-02T14:26:04.477Z,0 days 03:05:57.764000
2025-09-02T11:40:05.970Z,2025-09-02T14:10:05.264Z,0 days 02:29:59.294000
2025-09-02T11:40:07.913Z,2025-09-02T14:10:02.043Z,0 days 02:29:54.130000
2025-09-02T13:00:13.813Z,2025-09-02T14:08:30.900Z,0 days 01:08:17.087000
2025-09-02T15:20:10.044Z,2025-09-04T10:01:52.776Z,1 days 18:41:42.732000
2025-09-02T15:40:06.044Z,2025-09-08T09:11:40.132Z,5 days 17:31:34.088000
2025-09-02T15:40:06.756Z,2025-09-03T06:36:03.802Z,0 days 14:55:57.046000
2025-09-02T15:40:07.373Z,2025-09-03T07:28:54.571Z,0 days 15:48:47.198000
2025-09-03T07:40:04.788Z,2025-09-03T07:50:13.710Z,0 days 00:10:08.922000
2025-09-03T09:40:05.513Z,2025-09-04T10:16:16.387Z,1 days 00:36:10.874000
2025-09-03T11:40:08.720Z,2025-09-04T10:15:46.898Z,0 days 22:35:38.178000
2025-09-03T12:20:10.246Z,2025-09-17T07:53:51.119Z,13 days 19:33:40.873000
2025-09-03T15:40:06.274Z,2025-09-04T15:51:55.394Z,1 days 00:11:49.120000
2025-09-04T07:00:13.844Z,2025-09-04T08:18:58.616Z,0 days 01:18:44.772000
2025-09-04T09:00:24.649Z,2025-09-04T09:46:41.606Z,0 days 00:46:16.957000
2025-09-04T10:00:20.625Z,2025-09-04T15:10:14.260Z,0 days 05:09:53.635000
2025-09-04T11:20:06.187Z,2025-09-04T15:05:27.291Z,0 days 03:45:21.104000
2025-09-04T14:23:38.986Z,2025-09-04T14:50:54.030Z,0 days 00:27:15.044000
2025-09-04T14:36:26.865Z,2025-09-04T15:02:27.057Z,0 days 00:26:00.192000
2025-09-04T14:54:20.381Z,2025-09-04T15:04:03.313Z,0 days 00:09:42.932000
2025-09-05T07:00:19.296Z,2025-09-05T10:06:07.702Z,0 days 03:05:48.406000
2025-09-05T09:00:06.713Z,2025-09-08T10:32:03.372Z,3 days 01:31:56.659000
2025-09-05T09:20:09.194Z,2025-09-05T10:06:41.816Z,0 days 00:46:32.622000
2025-09-08T07:00:09.128Z,2025-09-09T09:13:53.143Z,1 days 02:13:44.015000
2025-09-08T07:00:12.803Z,2025-09-09T09:26:09.820Z,1 days 02:25:57.017000
2025-09-08T07:00:15.013Z,2025-09-08T09:02:34.962Z,0 days 02:02:19.949000
2025-09-08T07:40:08.784Z,2025-09-08T09:01:03.569Z,0 days 01:20:54.785000
2025-09-08T10:00:21.998Z,2025-09-08T10:06:57.965Z,0 days 00:06:35.967000
2025-09-08T12:00:14.499Z,2025-09-08T12:44:12.888Z,0 days 00:43:58.389000
2025-09-08T12:00:19.485Z,2025-09-08T15:27:31.534Z,0 days 03:27:12.049000
2025-09-08T14:00:22.547Z,2025-09-09T10:10:39.920Z,0 days 20:10:17.373000
2025-09-09T07:20:13.303Z,2025-09-09T08:14:34.636Z,0 days 00:54:21.333000
2025-09-09T08:19:07.863Z,2025-09-09T08:53:39.226Z,0 days 00:34:31.363000
2025-09-09T09:00:17.655Z,2025-09-09T09:09:52.624Z,0 days 00:09:34.969000
2025-09-09T10:20:10.730Z,2025-09-09T10:28:01.702Z,0 days 00:07:50.972000
2025-09-09T10:20:12.053Z,2025-09-09T10:39:34.733Z,0 days 00:19:22.680000
2025-09-09T10:40:06.649Z,2025-09-17T10:49:05.842Z,8 days 00:08:59.193000
2025-09-09T15:00:27.257Z,2025-09-09T15:09:19.047Z,0 days 00:08:51.790000
2025-09-09T15:00:38.194Z,2025-09-10T08:13:05.814Z,0 days 17:12:27.620000
2025-09-09T15:20:08.569Z,2025-09-10T07:51:46.019Z,0 days 16:31:37.450000
2025-09-10T07:40:11.489Z,2025-09-10T07:40:11.489Z,0 days 00:00:00
2025-09-10T08:20:05.632Z,2025-09-17T15:05:50.977Z,7 days 06:45:45.345000
2025-09-10T10:20:11.036Z,2025-09-18T14:52:00.058Z,8 days 04:31:49.022000
2025-09-10T11:20:04.588Z,2025-09-10T12:28:45.642Z,0 days 01:08:41.054000
2025-09-10T11:20:05.113Z,2025-09-10T12:31:26.855Z,0 days 01:11:21.742000
2025-09-10T12:00:09.535Z,2025-09-10T13:20:07.464Z,0 days 01:19:57.929000
2025-09-10T15:00:14.136Z,2025-09-15T08:30:42.666Z,4 days 17:30:28.530000
2025-09-10T15:00:15.010Z,2025-09-15T08:36:18.956Z,4 days 17:36:03.946000
2025-09-11T07:20:06.342Z,2025-10-13T14:40:29.592Z,32 days 07:20:23.250000
2025-09-11T07:20:07.446Z,2025-09-15T08:41:37.948Z,4 days 01:21:30.502000
2025-09-11T07:40:05.698Z,2025-09-17T07:25:11.382Z,5 days 23:45:05.684000
2025-09-11T07:40:06.264Z,2025-09-15T08:58:55.813Z,4 days 01:18:49.549000
2025-09-11T08:40:11.698Z,2025-09-15T15:03:40.409Z,4 days 06:23:28.711000
2025-09-11T09:00:13.660Z,2025-09-11T12:13:14.305Z,0 days 03:13:00.645000
2025-09-11T09:20:09.073Z,2025-09-15T15:07:56.817Z,4 days 05:47:47.744000
2025-09-11T09:20:09.750Z,2025-09-11T12:12:51.503Z,0 days 02:52:41.753000
2025-09-11T09:20:10.999Z,2025-09-11T12:12:40.206Z,0 days 02:52:29.207000
2025-09-11T09:40:06.491Z,2025-09-11T12:12:43.905Z,0 days 02:32:37.414000
2025-09-11T13:20:06.481Z,2025-09-15T15:43:13.352Z,4 days 02:23:06.871000
2025-09-11T14:00:13.420Z,2025-09-15T15:45:29.042Z,4 days 01:45:15.622000
2025-09-11T15:20:06.798Z,2025-10-01T07:13:39.672Z,19 days 15:53:32.874000
2025-09-11T15:20:07.403Z,2025-09-17T14:57:41.025Z,5 days 23:37:33.622000
2025-09-12T09:00:39.980Z,2025-10-13T14:19:07.807Z,31 days 05:18:27.827000
2025-09-12T09:00:41.481Z,2025-09-16T14:04:50.980Z,4 days 05:04:09.499000
2025-09-12T10:00:36.809Z,2025-09-17T14:18:41.393Z,5 days 04:18:04.584000
2025-09-12T12:00:20.110Z,2025-09-15T11:52:36.801Z,2 days 23:52:16.691000
2025-09-15T08:20:11.610Z,2025-09-16T14:25:33.034Z,1 days 06:05:21.424000
2025-09-15T09:00:34.734Z,2025-09-15T10:44:02.764Z,0 days 01:43:28.030000
2025-09-15T09:20:08.635Z,2025-09-15T10:26:26.841Z,0 days 01:06:18.206000
2025-09-15T09:20:10.286Z,2025-09-15T10:22:32.064Z,0 days 01:02:21.778000
2025-09-15T10:40:07.700Z,2025-09-15T10:53:11.919Z,0 days 00:13:04.219000
2025-09-15T10:40:09.073Z,2025-09-15T10:57:29.968Z,0 days 00:17:20.895000
2025-09-15T10:40:09.942Z,2025-09-15T11:04:53.366Z,0 days 00:24:43.424000
2025-09-15T10:40:11.001Z,2025-09-15T11:11:01.394Z,0 days 00:30:50.393000
2025-09-15T14:20:06.300Z,2025-09-15T15:00:06.691Z,0 days 00:40:00.391000
2025-09-15T14:40:06.555Z,2025-09-15T14:52:32.929Z,0 days 00:12:26.374000
2025-09-15T15:20:06.930Z,2025-09-18T12:47:45.535Z,2 days 21:27:38.605000
2025-09-15T15:20:09.036Z,2025-09-15T15:50:50.182Z,0 days 00:30:41.146000
2025-09-15T15:47:40.517Z,2025-09-17T07:22:29.226Z,1 days 15:34:48.709000
2025-09-15T16:00:29.727Z,2025-11-21T10:49:44.847Z,66 days 18:49:15.120000
2025-09-15T16:00:31.194Z,2025-09-16T08:20:08.376Z,0 days 16:19:37.182000
2025-09-16T07:01:16.764Z,2025-09-16T08:07:57.675Z,0 days 01:06:40.911000
2025-09-16T07:40:09.805Z,2025-09-16T08:17:59.734Z,0 days 00:37:49.929000
2025-09-16T09:00:29.393Z,2025-09-16T10:25:24.815Z,0 days 01:24:55.422000
2025-09-16T11:00:34.468Z,2025-09-16T12:06:08.200Z,0 days 01:05:33.732000
2025-09-16T11:20:08.956Z,2025-09-16T12:26:15.231Z,0 days 01:06:06.275000
2025-09-16T12:00:37.204Z,2025-09-17T08:03:50.113Z,0 days 20:03:12.909000
2025-09-17T10:00:48.800Z,2025-09-17T10:46:00.890Z,0 days 00:45:12.090000
2025-09-17T11:00:29.426Z,2025-09-17T13:22:40.076Z,0 days 02:22:10.650000
2025-09-17T11:00:34.813Z,2025-09-17T11:14:48.502Z,0 days 00:14:13.689000
2025-09-17T11:20:06.262Z,2025-09-17T11:28:56.209Z,0 days 00:08:49.947000
2025-09-17T11:40:10.496Z,2025-09-17T12:30:32.335Z,0 days 00:50:21.839000
2025-09-17T13:20:08.278Z,2025-09-18T07:31:36.155Z,0 days 18:11:27.877000
2025-09-18T07:20:05.857Z,2025-09-18T07:31:22.961Z,0 days 00:11:17.104000
2025-09-18T08:00:53.103Z,2025-09-18T14:43:40.626Z,0 days 06:42:47.523000
2025-09-18T08:01:01.092Z,2025-09-18T10:25:37.129Z,0 days 02:24:36.037000
2025-09-18T08:40:12.348Z,2025-09-18T10:41:57.690Z,0 days 02:01:45.342000
2025-09-18T12:00:20.508Z,2025-09-22T14:24:00.376Z,4 days 02:23:39.868000
2025-09-18T13:00:16.084Z,2025-10-13T14:24:20.852Z,25 days 01:24:04.768000
2025-09-19T07:04:03.922Z,2025-09-19T13:30:16.054Z,0 days 06:26:12.132000
2025-09-19T08:03:58.221Z,2025-09-19T12:00:42.057Z,0 days 03:56:43.836000
2025-09-19T08:22:50.287Z,2025-09-19T12:02:37.818Z,0 days 03:39:47.531000
2025-09-19T09:22:48.262Z,2025-09-19T11:54:12.029Z,0 days 02:31:23.767000
2025-09-19T10:03:45.658Z,2025-09-19T11:52:49.798Z,0 days 01:49:04.140000
2025-09-19T10:22:54.318Z,2025-10-20T14:13:14.126Z,31 days 03:50:19.808000
2025-09-19T12:03:31.307Z,2025-09-19T12:11:29.158Z,0 days 00:07:57.851000
2025-09-22T07:01:30.139Z,2025-09-22T14:28:42.403Z,0 days 07:27:12.264000
2025-09-22T09:40:10.178Z,2025-09-29T13:43:34.645Z,7 days 04:03:24.467000
2025-09-22T10:00:45.368Z,2025-09-29T09:39:12.237Z,6 days 23:38:26.869000
2025-09-22T11:00:36.334Z,2025-09-22T15:12:44.470Z,0 days 04:12:08.136000
2025-09-22T11:40:06.438Z,2025-09-22T15:15:54.218Z,0 days 03:35:47.780000
2025-09-22T13:20:08.232Z,2025-09-29T10:32:59.352Z,6 days 21:12:51.120000
2025-09-22T13:40:07.494Z,2025-09-29T13:26:45.400Z,6 days 23:46:37.906000
2025-09-22T14:20:08.795Z,2025-09-24T09:23:28.490Z,1 days 19:03:19.695000
2025-09-22T14:20:09.353Z,2025-09-26T10:06:59.708Z,3 days 19:46:50.355000
2025-09-22T15:40:10.134Z,2025-09-29T12:56:37.298Z,6 days 21:16:27.164000
2025-09-23T08:00:55.949Z,2025-09-24T09:24:06.772Z,1 days 01:23:10.823000
2025-09-23T09:00:35.959Z,2025-09-26T09:40:18.718Z,3 days 00:39:42.759000
2025-09-23T09:20:08.067Z,2025-09-26T09:29:33.379Z,3 days 00:09:25.312000
2025-09-23T11:20:11.035Z,2025-09-26T09:29:20.767Z,2 days 22:09:09.732000
2025-09-23T13:40:10.666Z,2025-09-30T14:26:49.430Z,7 days 00:46:38.764000
2025-09-23T15:20:12.711Z,2025-09-29T10:27:53.269Z,5 days 19:07:40.558000
2025-09-23T15:40:10.298Z,2025-09-26T08:58:21.872Z,2 days 17:18:11.574000
2025-09-24T09:20:10.568Z,2025-09-26T09:28:02.195Z,2 days 00:07:51.627000
2025-09-24T13:40:07.690Z,2025-09-25T09:02:40.472Z,0 days 19:22:32.782000
2025-09-24T14:20:09.429Z,2025-09-26T09:23:20.536Z,1 days 19:03:11.107000
2025-09-25T07:20:10.906Z,2025-09-26T08:58:55.358Z,1 days 01:38:44.452000
2025-09-25T08:00:55.231Z,2025-09-25T08:34:18.403Z,0 days 00:33:23.172000
2025-09-25T08:40:10.116Z,2025-09-29T12:44:47.995Z,4 days 04:04:37.879000
2025-09-25T09:20:11.995Z,2025-09-26T09:20:59.509Z,1 days 00:00:47.514000
2025-09-25T10:00:45.508Z,2025-09-26T09:19:32.530Z,0 days 23:18:47.022000
2025-09-25T10:20:06.649Z,2025-09-26T09:07:08.906Z,0 days 22:47:02.257000
2025-09-25T11:40:13.027Z,2025-09-26T09:49:33.891Z,0 days 22:09:20.864000
2025-09-25T13:20:08.514Z,2025-10-15T08:26:12.934Z,19 days 19:06:04.420000
2025-09-25T14:20:07.308Z,2025-09-26T09:03:26.172Z,0 days 18:43:18.864000
2025-09-25T14:40:10.689Z,2025-09-26T09:02:12.684Z,0 days 18:22:01.995000
2025-09-25T14:40:12.990Z,2025-09-29T09:37:41.762Z,3 days 18:57:28.772000
2025-09-26T07:01:12.974Z,2025-09-26T11:26:20.698Z,0 days 04:25:07.724000
2025-09-26T08:00:58.503Z,2025-09-29T10:21:09.100Z,3 days 02:20:10.597000
2025-09-26T09:00:36.680Z,2025-09-26T09:48:13.393Z,0 days 00:47:36.713000
2025-09-26T11:40:11.699Z,2025-09-29T09:32:13.999Z,2 days 21:52:02.300000
2025-09-29T07:01:16.090Z,2025-09-29T09:25:19.837Z,0 days 02:24:03.747000
2025-09-29T09:40:08.558Z,2025-09-29T09:52:43.629Z,0 days 00:12:35.071000
2025-09-29T09:40:09.316Z,2025-09-29T10:00:20.789Z,0 days 00:20:11.473000
2025-09-29T10:00:47.242Z,2025-09-29T10:15:13.561Z,0 days 00:14:26.319000
2025-09-29T11:00:36.375Z,2025-09-29T12:04:35.948Z,0 days 01:03:59.573000
2025-09-29T11:00:38.170Z,2025-09-29T13:30:42.047Z,0 days 02:30:03.877000
2025-09-29T11:20:07.525Z,2025-09-29T13:28:59.170Z,0 days 02:08:51.645000
2025-09-29T11:40:09.610Z,2025-09-29T12:01:30.553Z,0 days 00:21:20.943000
2025-09-29T13:20:11.978Z,2025-09-29T14:21:26.563Z,0 days 01:01:14.585000
2025-09-29T14:40:11.325Z,2025-09-29T14:47:40.790Z,0 days 00:07:29.465000
2025-09-29T14:40:11.930Z,2025-09-29T14:49:56.892Z,0 days 00:09:44.962000
2025-09-30T07:01:20.045Z,2025-09-30T08:27:47.519Z,0 days 01:26:27.474000
2025-09-30T07:20:08.275Z,2025-09-30T08:14:44.950Z,0 days 00:54:36.675000
2025-09-30T07:40:11.221Z,2025-10-01T13:01:38.475Z,1 days 05:21:27.254000
2025-09-30T08:01:01.720Z,2025-09-30T09:12:23.125Z,0 days 01:11:21.405000
2025-09-30T08:01:02.412Z,2025-09-30T09:13:42.132Z,0 days 01:12:39.720000
2025-09-30T08:20:11.432Z,2025-09-30T09:14:38.638Z,0 days 00:54:27.206000
2025-09-30T08:40:07.798Z,2025-09-30T09:18:31.781Z,0 days 00:38:23.983000
2025-09-30T09:20:13.017Z,2025-09-30T09:25:26.013Z,0 days 00:05:12.996000
2025-09-30T10:20:13.852Z,2025-09-30T12:15:55.738Z,0 days 01:55:41.886000
2025-09-30T10:40:08.880Z,2025-09-30T13:03:22.167Z,0 days 02:23:13.287000
2025-09-30T10:40:10.145Z,2025-09-30T12:18:43.150Z,0 days 01:38:33.005000
2025-09-30T11:00:46.491Z,2025-09-30T12:25:20.935Z,0 days 01:24:34.444000
2025-09-30T14:23:11.286Z,2025-10-03T06:52:29.339Z,2 days 16:29:18.053000
2025-09-30T16:00:33.287Z,2025-10-01T07:05:49.691Z,0 days 15:05:16.404000
2025-10-01T07:20:12.239Z,2025-10-01T07:40:25.846Z,0 days 00:20:13.607000
2025-10-01T08:40:12.081Z,2025-10-01T09:04:26.337Z,0 days 00:24:14.256000
2025-10-01T08:40:12.772Z,2025-10-01T08:56:42.496Z,0 days 00:16:29.724000
2025-10-01T10:00:47.994Z,2025-10-01T11:14:26.283Z,0 days 01:13:38.289000
2025-10-01T11:00:37.017Z,2025-10-01T11:17:29.869Z,0 days 00:16:52.852000
2025-10-01T11:20:08.363Z,2025-10-01T12:18:48.996Z,0 days 00:58:40.633000
2025-10-01T11:40:09.197Z,2025-10-02T07:55:28.918Z,0 days 20:15:19.721000
2025-10-01T11:40:09.884Z,2025-10-13T09:29:38.681Z,11 days 21:49:28.797000
2025-10-01T11:40:10.390Z,2025-10-01T12:10:31.796Z,0 days 00:30:21.406000
2025-10-02T07:01:16.354Z,2025-10-02T07:14:24.995Z,0 days 00:13:08.641000
2025-10-02T08:01:08.768Z,2025-10-02T09:25:03.073Z,0 days 01:23:54.305000
2025-10-02T08:40:09.215Z,2025-10-02T09:16:46.511Z,0 days 00:36:37.296000
2025-10-02T10:20:10.792Z,2025-10-02T10:30:31.688Z,0 days 00:10:20.896000
2025-10-02T10:40:09.838Z,2025-10-02T12:23:01.915Z,0 days 01:42:52.077000
2025-10-02T11:00:34.648Z,2025-10-02T12:16:38.716Z,0 days 01:16:04.068000
2025-10-02T11:20:06.497Z,2025-10-07T14:14:28.151Z,5 days 02:54:21.654000
2025-10-02T11:20:07.125Z,2025-10-13T09:42:51.582Z,10 days 22:22:44.457000
2025-10-02T11:20:07.668Z,2025-10-02T12:09:14.212Z,0 days 00:49:06.544000
2025-10-02T11:40:10.384Z,2025-10-10T10:35:22.538Z,7 days 22:55:12.154000
2025-10-02T13:40:13.937Z,2025-10-02T14:11:00.912Z,0 days 00:30:46.975000
2025-10-02T14:00:39.649Z,2025-10-02T14:17:57.357Z,0 days 00:17:17.708000
2025-10-02T14:20:06.398Z,2025-10-02T14:54:39.762Z,0 days 00:34:33.364000
2025-10-02T15:40:11.830Z,2025-10-03T08:50:09.923Z,0 days 17:09:58.093000
2025-10-02T16:00:25.556Z,2025-10-21T09:10:42.570Z,18 days 17:10:17.014000
2025-10-03T07:01:12.082Z,2025-10-03T09:02:53.216Z,0 days 02:01:41.134000
2025-10-03T07:01:17.338Z,2025-10-03T07:02:23.761Z,0 days 00:01:06.423000
2025-10-03T07:20:12.550Z,2025-10-03T07:27:07.590Z,0 days 00:06:55.040000
2025-10-03T07:40:11.742Z,2025-10-03T08:27:23.448Z,0 days 00:47:11.706000
2025-10-03T07:40:12.458Z,2025-10-03T08:25:03.538Z,0 days 00:44:51.080000
2025-10-03T08:00:53.827Z,2025-10-03T08:20:04.156Z,0 days 00:19:10.329000
2025-10-03T09:20:09.945Z,2025-10-03T09:25:25.103Z,0 days 00:05:15.158000
2025-10-03T09:20:10.554Z,2025-10-03T09:29:44.448Z,0 days 00:09:33.894000
2025-10-03T09:40:06.315Z,2025-10-03T11:31:42.273Z,0 days 01:51:35.958000
2025-10-03T10:40:04.400Z,2025-10-13T09:52:36.462Z,9 days 23:12:32.062000
2025-10-03T11:20:08.537Z,2025-10-03T11:27:40.067Z,0 days 00:07:31.530000
2025-10-03T11:20:09.064Z,2025-10-03T11:35:51.377Z,0 days 00:15:42.313000
2025-10-03T11:40:08.045Z,2025-10-03T11:46:21.947Z,0 days 00:06:13.902000
2025-10-03T11:40:08.825Z,2025-10-03T11:58:55.243Z,0 days 00:18:46.418000
2025-10-06T07:01:28.353Z,2025-10-06T09:27:20.027Z,0 days 02:25:51.674000
2025-10-06T08:01:00.374Z,2025-10-06T09:21:30.593Z,0 days 01:20:30.219000
2025-10-06T08:28:07.414Z,2025-11-07T10:04:40.809Z,32 days 01:36:33.395000
2025-10-06T09:20:13.898Z,2025-10-06T09:24:00.715Z,0 days 00:03:46.817000
2025-10-06T10:00:57.165Z,2025-10-06T14:40:32.720Z,0 days 04:39:35.555000
2025-10-06T12:00:24.343Z,2025-10-06T14:34:59.186Z,0 days 02:34:34.843000
2025-10-06T14:20:10.402Z,2025-10-06T14:31:48.070Z,0 days 00:11:37.668000
2025-10-06T15:40:08.645Z,2025-10-07T09:26:33.140Z,0 days 17:46:24.495000
2025-10-07T09:20:12.548Z,2025-10-07T09:20:55.622Z,0 days 00:00:43.074000
2025-10-07T09:20:13.218Z,2025-10-07T09:32:55.958Z,0 days 00:12:42.740000
2025-10-07T09:40:10.291Z,2025-10-13T07:48:38.041Z,5 days 22:08:27.750000
2025-10-07T10:00:41.989Z,2025-10-07T10:26:54.838Z,0 days 00:26:12.849000
2025-10-07T10:40:10.422Z,2025-10-07T10:42:43.418Z,0 days 00:02:32.996000
2025-10-07T13:20:08.466Z,2025-10-07T14:46:04.081Z,0 days 01:25:55.615000
2025-10-08T07:40:11.716Z,2025-10-08T08:25:51.063Z,0 days 00:45:39.347000
2025-10-08T08:00:59.900Z,2025-10-08T08:17:43.374Z,0 days 00:16:43.474000
2025-10-08T08:20:15.473Z,2025-10-13T09:19:44.077Z,5 days 00:59:28.604000
2025-10-08T08:20:16.462Z,2025-11-13T09:18:06.256Z,36 days 00:57:49.794000
2025-10-08T08:40:11.884Z,2025-10-22T07:59:38.476Z,13 days 23:19:26.592000
2025-10-08T10:20:08.325Z,2025-10-08T12:55:02.085Z,0 days 02:34:53.760000
2025-10-08T11:20:08.120Z,2025-10-20T09:12:58.622Z,11 days 21:52:50.502000
2025-10-08T11:20:09.318Z,2025-10-08T12:42:04.254Z,0 days 01:21:54.936000
2025-10-08T11:20:10.065Z,2025-10-08T12:36:15.489Z,0 days 01:16:05.424000
2025-10-08T14:20:10.038Z,2025-10-10T07:09:43.427Z,1 days 16:49:33.389000
2025-10-08T14:20:10.691Z,2025-10-13T09:54:19.788Z,4 days 19:34:09.097000
2025-10-09T07:01:23.223Z,2025-12-04T11:42:47.009Z,56 days 04:41:23.786000
2025-10-09T10:00:49.822Z,2025-10-10T07:27:19.662Z,0 days 21:26:29.840000
2025-10-09T11:00:36.377Z,2025-10-10T10:52:10.039Z,0 days 23:51:33.662000
2025-10-09T11:20:10.934Z,2025-10-10T10:45:50.616Z,0 days 23:25:39.682000
2025-10-09T13:40:08.629Z,2025-10-22T07:54:42.613Z,12 days 18:14:33.984000
2025-10-09T15:20:10.842Z,2025-10-10T12:23:10.042Z,0 days 21:02:59.200000
2025-10-13T10:00:58.734Z,2025-10-13T10:06:17.828Z,0 days 00:05:19.094000
2025-10-13T12:00:25.246Z,2025-10-13T12:55:43.246Z,0 days 00:55:18
2025-10-14T11:40:15.669Z,2025-10-15T07:06:51.823Z,0 days 19:26:36.154000
2025-10-14T14:40:09.950Z,2025-10-15T07:08:04.838Z,0 days 16:27:54.888000
2025-10-14T16:00:37.382Z,2025-10-21T08:53:26.351Z,6 days 16:52:48.969000
2025-10-15T07:01:25.139Z,2025-10-15T07:13:54.855Z,0 days 00:12:29.716000
2025-10-15T08:20:11.752Z,2025-10-15T09:35:51.949Z,0 days 01:15:40.197000
2025-10-16T07:01:08.712Z,2025-10-16T09:37:08.616Z,0 days 02:35:59.904000
2025-10-16T09:40:10.342Z,2025-10-16T10:56:34.904Z,0 days 01:16:24.562000
2025-10-20T10:20:06.009Z,2025-10-20T11:59:58.109Z,0 days 01:39:52.100000
2025-10-20T12:20:15.491Z,2025-10-20T12:25:23.649Z,0 days 00:05:08.158000
2025-10-20T14:02:56.794Z,2025-10-20T14:29:33.585Z,0 days 00:26:36.791000
2025-10-20T14:02:58.193Z,2025-10-20T14:35:10.805Z,0 days 00:32:12.612000
2025-10-21T07:01:30.480Z,2025-10-21T07:40:34.493Z,0 days 00:39:04.013000
2025-10-21T14:00:47.499Z,2025-10-21T14:58:33.024Z,0 days 00:57:45.525000
2025-10-21T14:20:07.841Z,2025-10-21T15:00:49.198Z,0 days 00:40:41.357000
2025-10-21T14:20:09.839Z,2025-10-22T07:18:39.445Z,0 days 16:58:29.606000
2025-10-22T07:40:13.042Z,2025-10-22T07:57:37.732Z,0 days 00:17:24.690000
2025-10-22T08:01:01.326Z,2025-10-22T08:03:56.269Z,0 days 00:02:54.943000
2025-10-22T11:00:41.214Z,2025-10-22T12:29:12.164Z,0 days 01:28:30.950000
2025-10-22T13:40:05.266Z,2025-10-22T14:05:35.008Z,0 days 00:25:29.742000
2025-10-22T14:00:47.604Z,2025-10-22T14:13:08.731Z,0 days 00:12:21.127000
2025-10-22T14:00:49.663Z,2025-10-22T14:14:37.692Z,0 days 00:13:48.029000
2025-10-23T10:20:12.127Z,2025-10-23T10:48:25.554Z,0 days 00:28:13.427000
2025-10-23T12:00:29.363Z,2025-10-23T12:34:43.281Z,0 days 00:34:13.918000
2025-10-24T10:20:10.312Z,2025-10-24T11:58:54.234Z,0 days 01:38:43.922000
2025-10-27T09:53:02.871Z,2025-10-27T10:27:02.705Z,0 days 00:33:59.834000
2025-10-27T09:53:03.911Z,2025-10-27T10:33:04.362Z,0 days 00:40:00.451000
2025-10-27T14:47:30.963Z,2025-10-27T15:33:15.725Z,0 days 00:45:44.762000
2025-10-27T15:47:28.742Z,2025-10-28T08:30:51.736Z,0 days 16:43:22.994000
2025-10-28T08:01:22.710Z,2025-12-03T15:16:06.228Z,36 days 07:14:43.518000
2025-10-28T10:20:15.330Z,2025-10-28T10:52:14.447Z,0 days 00:31:59.117000
2025-10-29T08:01:21.851Z,2025-10-29T08:09:01.312Z,0 days 00:07:39.461000
2025-10-29T09:20:14.629Z,2025-10-30T08:59:36.789Z,0 days 23:39:22.160000
2025-10-29T11:40:19.508Z,2025-10-30T08:51:54.018Z,0 days 21:11:34.510000
2025-10-29T15:40:09.014Z,2025-10-30T08:56:42.772Z,0 days 17:16:33.758000
2025-10-30T15:00:44.476Z,2025-10-30T15:20:52.359Z,0 days 00:20:07.883000
2025-10-30T16:40:07.237Z,2025-10-31T07:35:56.059Z,0 days 14:55:48.822000
2025-10-31T07:49:07.864Z,2025-10-31T10:04:14.770Z,0 days 02:15:06.906000
2025-10-31T10:20:13.610Z,2025-10-31T12:11:03.411Z,0 days 01:50:49.801000
2025-10-31T10:40:10.868Z,2025-10-31T12:14:47.687Z,0 days 01:34:36.819000
2025-11-03T08:01:42.085Z,2025-11-03T15:05:59.330Z,0 days 07:04:17.245000
2025-11-03T08:01:43.709Z,2025-11-03T11:04:25.348Z,0 days 03:02:41.639000
2025-11-04T09:20:11.313Z,2025-11-04T14:59:33.975Z,0 days 05:39:22.662000
2025-11-05T15:40:10.223Z,2025-11-05T15:53:06.262Z,0 days 00:12:56.039000
2025-11-06T08:01:31.170Z,2025-11-06T08:33:59.154Z,0 days 00:32:27.984000
2025-11-06T10:20:14.395Z,2025-11-06T11:40:02.051Z,0 days 01:19:47.656000
2025-11-06T11:01:02.184Z,2025-11-06T11:50:04.396Z,0 days 00:49:02.212000
2025-11-06T11:01:02.753Z,2025-11-06T11:42:13.095Z,0 days 00:41:10.342000
2025-11-06T15:20:10.917Z,2025-11-07T08:16:42.480Z,0 days 16:56:31.563000
2025-11-07T12:40:16.581Z,2025-11-07T13:11:05.420Z,0 days 00:30:48.839000
2025-11-12T08:01:04.297Z,2025-11-12T09:05:30.281Z,0 days 01:04:25.984000
2025-11-12T11:01:04.478Z,2025-11-12T12:48:59.444Z,0 days 01:47:54.966000
2025-11-12T13:20:16.955Z,2025-11-12T14:51:40.105Z,0 days 01:31:23.150000
2025-11-14T08:00:44.241Z,2025-11-14T08:43:28.004Z,0 days 00:42:43.763000
2025-11-14T13:00:23.762Z,2025-11-18T08:57:52.483Z,3 days 19:57:28.721000
2025-11-19T09:01:09.414Z,2025-11-19T13:45:00.629Z,0 days 04:43:51.215000
2025-11-19T15:00:43.438Z,2025-11-19T15:14:43.882Z,0 days 00:14:00.444000
2025-11-21T10:20:18.964Z,2025-11-27T16:06:51.900Z,6 days 05:46:32.936000
2025-11-21T11:40:15.237Z,2025-11-21T12:01:43.173Z,0 days 00:21:27.936000
2025-11-24T12:20:20.652Z,2025-11-24T13:36:17.991Z,0 days 01:15:57.339000
2025-11-25T08:20:04.532Z,2025-11-25T11:30:38.880Z,0 days 03:10:34.348000
2025-11-25T10:20:08.544Z,2025-11-25T11:25:37.958Z,0 days 01:05:29.414000
2025-11-25T11:20:18.589Z,2025-11-25T11:25:42.882Z,0 days 00:05:24.293000
2025-11-25T12:00:37.583Z,2025-12-01T10:39:59.825Z,5 days 22:39:22.242000
2025-11-25T16:00:29.627Z,2025-11-26T08:50:47.982Z,0 days 16:50:18.355000
2025-11-26T14:40:18.469Z,2025-12-01T11:50:55.968Z,4 days 21:10:37.499000
2025-11-26T16:00:24.327Z,2025-11-27T08:41:16.394Z,0 days 16:40:52.067000
2025-11-27T10:01:01.684Z,2025-12-01T15:31:05.625Z,4 days 05:30:03.941000
2025-11-28T08:01:28.595Z,2025-11-28T10:45:37.999Z,0 days 02:44:09.404000
2025-11-28T08:01:29.329Z,2025-11-28T10:48:13.081Z,0 days 02:46:43.752000
2025-11-28T08:20:19.090Z,2025-11-28T10:49:25.204Z,0 days 02:29:06.114000
2025-11-28T08:40:08.170Z,2025-11-28T10:50:42.572Z,0 days 02:10:34.402000
2025-11-28T09:40:15.911Z,2025-11-28T10:51:02.672Z,0 days 01:10:46.761000
2025-11-28T11:01:02.949Z,2025-11-28T12:14:15.730Z,0 days 01:13:12.781000
2025-11-28T11:20:17.165Z,2025-11-28T12:14:01.342Z,0 days 00:53:44.177000
2025-11-28T11:40:09.823Z,2025-11-28T12:12:34.162Z,0 days 00:32:24.339000
2025-11-28T12:40:11.187Z,2025-11-28T13:46:15.824Z,0 days 01:06:04.637000
2025-11-28T14:00:50.053Z,2025-11-28T14:04:01.371Z,0 days 00:03:11.318000
2025-11-28T15:01:03.071Z,2025-11-28T15:24:17.054Z,0 days 00:23:13.983000
2025-11-28T15:01:03.848Z,2025-11-28T15:24:42.254Z,0 days 00:23:38.406000
2025-12-02T15:40:12.244Z,2025-12-02T15:43:51.585Z,0 days 00:03:39.341000
2025-12-03T08:01:35.797Z,2025-12-03T08:03:33.920Z,0 days 00:01:58.123000
2025-12-03T09:01:12.897Z,2025-12-03T09:19:34.772Z,0 days 00:18:21.875000
2025-12-05T12:12:05.602Z,2025-12-05T13:13:34.181Z,0 days 01:01:28.579000
2025-12-05T12:12:06.365Z,2025-12-05T13:11:44.888Z,0 days 00:59:38.523000
2025-12-05T13:52:07.790Z,2025-12-09T11:46:39.222Z,3 days 21:54:31.432000
2025-12-09T08:01:33.474Z,2025-12-09T08:54:22.070Z,0 days 00:52:48.596000
2025-12-09T15:20:22.420Z,2025-12-10T09:12:34.819Z,0 days 17:52:12.399000
2025-12-10T16:00:40.772Z,2025-12-11T08:55:22.086Z,0 days 16:54:41.314000
2025-12-11T08:01:29.715Z,2025-12-18T15:53:47.539Z,7 days 07:52:17.824000
2025-12-11T10:20:25.908Z,2025-12-15T12:58:31.932Z,4 days 02:38:06.024000
2025-12-11T13:00:39.677Z,2025-12-11T13:50:06.049Z,0 days 00:49:26.372000
2025-12-12T08:20:04.539Z,2025-12-15T11:17:32.961Z,3 days 02:57:28.422000
2025-12-15T08:01:19.107Z,2025-12-17T13:39:52.279Z,2 days 05:38:33.172000
2025-12-15T16:40:16.498Z,2025-12-18T14:48:23.785Z,2 days 22:08:07.287000
2025-12-17T11:40:18.924Z,2026-01-12T09:57:57.976Z,25 days 22:17:39.052000
2025-12-17T16:00:43.664Z,2025-12-18T08:03:32.592Z,0 days 16:02:48.928000
2025-12-19T09:01:01.857Z,2026-01-13T07:45:49.239Z,24 days 22:44:47.382000
2025-12-22T11:20:22.364Z,2025-12-23T10:10:14.189Z,0 days 22:49:51.825000
2025-12-22T15:40:20.318Z,2026-01-12T13:30:27.916Z,20 days 21:50:07.598000
2026-01-02T11:20:18.170Z,2026-01-12T09:58:30.837Z,9 days 22:38:12.667000
2026-01-02T13:00:33.139Z,2026-01-12T09:58:19.223Z,9 days 20:57:46.084000
2026-01-07T09:20:08.236Z,2026-01-07T14:25:29.855Z,0 days 05:05:21.619000
2026-01-08T15:20:12.706Z,2026-01-08T16:14:24.924Z,0 days 00:54:12.218000
2026-01-08T15:40:15.534Z,2026-01-08T16:21:21.615Z,0 days 00:41:06.081000
2026-01-08T16:40:13.329Z,2026-01-09T07:28:22.413Z,0 days 14:48:09.084000
2026-01-12T09:00:25.929Z,2026-01-12T10:52:03.071Z,0 days 01:51:37.142000
2026-01-13T10:00:30.932Z,2026-01-13T10:32:15.641Z,0 days 00:31:44.709000
2026-01-14T09:20:10.310Z,2026-01-14T10:08:20.704Z,0 days 00:48:10.394000
2026-01-14T10:40:16.574Z,2026-01-14T11:10:20.220Z,0 days 00:30:03.646000
2026-01-14T11:00:11.340Z,2026-01-14T11:14:51.522Z,0 days 00:14:40.182000
2026-01-14T16:00:16.287Z,2026-01-19T14:58:20.345Z,4 days 22:58:04.058000
2026-01-15T12:20:07.512Z,2026-01-15T13:22:40.586Z,0 days 01:02:33.074000
2026-01-15T14:40:07.698Z,2026-01-15T15:30:11.170Z,0 days 00:50:03.472000
2026-01-16T08:00:12.779Z,2026-01-16T08:45:24.865Z,0 days 00:45:12.086000
2026-01-16T09:40:17.931Z,2026-01-16T09:46:49.158Z,0 days 00:06:31.227000
2026-01-16T09:40:18.835Z,2026-01-16T09:46:46.566Z,0 days 00:06:27.731000
2026-01-16T11:00:28.808Z,2026-01-16T11:19:46.133Z,0 days 00:19:17.325000
2026-01-16T11:20:12.813Z,2026-01-16T11:25:46.126Z,0 days 00:05:33.313000
2026-01-16T12:00:19.331Z,2026-01-19T16:02:26.491Z,3 days 04:02:07.160000
2026-01-16T12:00:19.964Z,2026-01-19T16:02:28.884Z,3 days 04:02:08.920000
2026-01-19T16:20:07.877Z,2026-01-19T16:24:55.863Z,0 days 00:04:47.986000
2026-01-19T16:40:07.625Z,2026-01-20T09:57:02.503Z,0 days 17:16:54.878000
2026-01-19T17:00:17.318Z,2026-01-20T09:53:20.678Z,0 days 16:53:03.360000
2026-01-20T09:00:05.883Z,2026-01-23T13:21:09.608Z,3 days 04:21:03.725000
2026-01-20T09:00:06.466Z,2026-01-20T09:57:49.400Z,0 days 00:57:42.934000
2026-01-21T12:00:14.256Z,2026-01-21T13:35:04.437Z,0 days 01:34:50.181000
2026-01-28T15:00:09.223Z,2026-02-06T14:18:52.587Z,8 days 23:18:43.364000
2026-01-29T10:00:14.118Z,2026-01-29T11:12:58.427Z,0 days 01:12:44.309000
2026-01-30T14:00:50.279Z,2026-02-02T08:47:33.363Z,2 days 18:46:43.084000
2026-02-03T08:00:08.888Z,2026-02-03T14:55:03.397Z,0 days 06:54:54.509000
2026-02-03T10:40:10.015Z,2026-02-03T11:25:03.811Z,0 days 00:44:53.796000
2026-02-03T12:40:10.969Z,2026-02-03T14:41:46.235Z,0 days 02:01:35.266000
2026-02-05T08:40:16.507Z,2026-02-05T09:32:39.755Z,0 days 00:52:23.248000
2026-02-12T11:00:37.422Z,2026-02-12T11:25:40.061Z,0 days 00:25:02.639000
2026-02-13T08:00:42.643Z,2026-02-13T08:56:40.970Z,0 days 00:55:58.327000
2026-02-13T11:40:14.332Z,2026-02-13T14:55:07.105Z,0 days 03:14:52.773000
2026-02-20T08:59:41.398Z,2026-02-20T14:47:13.044Z,0 days 05:47:31.646000
2026-02-20T09:01:28.257Z,2026-02-20T09:25:01.801Z,0 days 00:23:33.544000
2026-02-20T10:20:04.424Z,2026-02-20T14:43:08.998Z,0 days 04:23:04.574000
2026-02-23T09:40:32.107Z,2026-02-23T10:42:50.005Z,0 days 01:02:17.898000
2026-02-24T12:40:21.725Z,2026-02-25T09:21:11.192Z,0 days 20:40:49.467000
2026-02-24T14:20:02.254Z,2026-02-25T11:56:29.095Z,0 days 21:36:26.841000
2026-02-25T08:40:23.592Z,2026-02-25T09:17:59.550Z,0 days 00:37:35.958000
2026-02-25T11:23:51.723Z,2026-02-25T13:19:36.852Z,0 days 01:55:45.129000
